,PassengerId,Age,SibSp,Parch,Fare,Sex_dummy,Embarked_Q,Embarked_C,Mrs.,Master.,Miss.,Family survive rate,Survived,C1,C2,Is Family Survive
0,1,22.0,1,0,7.25,0,0,0,0,0,0,0.0,0,0,0,0
1,2,38.0,1,0,71.2833,1,1,0,1,0,0,0.0,1,1,0,0
2,3,26.0,0,0,7.925,1,0,0,0,0,1,0.0,1,0,0,0
3,4,35.0,1,0,53.1,1,0,0,1,0,0,0.0,1,1,0,0
4,5,35.0,0,0,8.05,0,0,0,0,0,0,1.0,0,0,0,1
5,6,32.59707018016173,0,0,8.4583,0,0,1,0,0,0,0.5,0,0,0,1
6,7,54.0,0,0,51.8625,0,0,0,0,0,0,0.0,0,1,0,0
7,8,2.0,3,1,21.075,0,0,0,0,1,0,0.0,0,0,0,0
8,9,27.0,0,2,11.1333,1,0,0,1,0,0,0.4,1,0,0,1
9,10,14.0,1,0,30.0708,1,1,0,1,0,0,0.0,1,0,1,0
10,11,4.0,1,1,16.7,1,0,0,0,0,1,1.0,1,0,0,1
11,12,58.0,0,0,26.55,1,0,0,0,0,1,0.0,1,1,0,0
12,13,20.0,0,0,8.05,0,0,0,0,0,0,0.0,0,0,0,0
13,14,39.0,1,5,31.275,0,0,0,0,0,0,0.25,0,0,0,1
14,15,14.0,0,0,7.8542,1,0,0,0,0,1,0.0,0,0,0,0
15,16,55.0,0,0,16.0,1,0,0,1,0,0,0.0,1,0,1,0
16,17,2.0,4,1,29.125,0,0,1,0,1,0,0.0,0,0,0,0
17,18,33.12031250633887,0,0,13.0,0,0,0,0,0,0,0.0,1,0,1,0
18,19,31.0,1,0,18.0,1,0,0,1,0,0,0.0,0,0,0,0
19,20,27.598128299129673,0,0,7.225,1,1,0,1,0,0,0.0,1,0,0,0
20,21,35.0,0,0,26.0,0,0,0,0,0,0,0.0,0,0,1,0
21,22,34.0,0,0,13.0,0,0,0,0,0,0,0.0,1,0,1,0
22,23,15.0,0,0,8.0292,1,0,1,0,0,1,0.0,1,0,0,0
23,24,28.0,0,0,35.5,0,0,0,0,0,0,0.0,1,1,0,0
24,25,8.0,3,1,21.075,1,0,0,0,0,1,0.0,0,0,0,0
25,26,38.0,1,5,31.3875,1,0,0,1,0,0,0.6666666666666666,1,0,0,1
26,27,25.71167672294393,0,0,7.225,0,1,0,0,0,0,0.0,0,0,0,0
27,28,19.0,3,2,263.0,0,0,0,0,0,0,0.6666666666666666,0,1,0,1
28,29,20.903397140479434,0,0,7.8792,1,0,1,0,0,1,0.0,1,0,0,0
29,30,27.099888796654987,0,0,7.8958,0,0,0,0,0,0,0.0,0,0,0,0
30,31,40.0,0,0,27.7208,0,1,0,0,0,0,0.0,0,1,0,0
31,32,40.39047069977006,1,0,146.5208,1,1,0,1,0,0,0.0,1,1,0,0
32,33,20.899618063614305,0,0,7.75,1,0,1,0,0,1,0.0,1,0,0,0
33,34,66.0,0,0,10.5,0,0,0,0,0,0,0.0,0,0,1,0
34,35,28.0,1,0,82.1708,0,1,0,0,0,0,0.5,0,1,0,1
35,36,42.0,1,0,52.0,0,0,0,0,0,0,1.0,0,1,0,1
36,37,25.711654061454983,0,0,7.2292,0,1,0,0,0,0,0.0,1,0,0,0
37,38,21.0,0,0,8.05,0,0,0,0,0,0,0.0,0,0,0,0
38,39,18.0,2,0,18.0,1,0,0,0,0,1,0.0,0,0,0,0
39,40,14.0,1,0,11.2417,1,1,0,0,0,1,1.0,1,0,0,1
40,41,40.0,1,0,9.475,1,0,0,1,0,0,0.0,0,0,0,0
41,42,27.0,1,0,21.0,1,0,0,1,0,0,0.0,0,0,1,0
42,43,25.70805735952555,0,0,7.8958,0,1,0,0,0,0,0.0,0,0,0,0
43,44,3.0,1,2,41.5792,1,1,0,0,0,1,0.5,1,0,1,1
44,45,19.0,0,0,7.8792,1,0,1,0,0,1,0.0,1,0,0,0
45,46,27.09905679629961,0,0,8.05,0,0,0,0,0,0,0.0,0,0,0,0
46,47,28.313118135491514,1,0,15.5,0,0,1,0,0,0,0.0,0,0,0,0
47,48,20.899618063614305,0,0,7.75,1,0,1,0,0,1,0.0,1,0,0,0
48,49,20.534036193580068,2,0,21.6792,0,1,0,0,0,0,0.0,0,0,0,0
49,50,18.0,1,0,17.8,1,0,0,1,0,0,0.0,0,0,0,0
50,51,7.0,4,1,39.6875,0,0,0,0,1,0,0.0,0,0,0,0
51,52,21.0,0,0,7.8,0,0,0,0,0,0,0.0,0,0,0,0
52,53,49.0,1,0,76.7292,1,1,0,1,0,0,0.6666666666666666,1,1,0,1
53,54,29.0,1,0,26.0,1,0,0,1,0,0,0.0,1,0,1,0
54,55,65.0,0,1,61.9792,0,1,0,0,0,0,0.0,0,1,0,0
55,56,39.04687556884206,0,0,35.5,0,0,0,0,0,0,0.0,1,1,0,0
56,57,21.0,0,0,10.5,1,0,0,0,0,1,0.0,1,0,1,0
57,58,28.5,0,0,7.2292,0,1,0,0,0,0,0.0,0,0,0,0
58,59,5.0,1,2,27.75,1,0,0,0,0,1,0.5,1,0,1,1
59,60,11.0,5,2,46.9,0,0,0,0,1,0,0.0,0,0,0,0
60,61,22.0,0,0,7.2292,0,1,0,0,0,0,0.0,0,0,0,0
61,62,38.0,0,0,80.0,1,0,0,0,0,1,0.0,1,1,0,0
62,63,45.0,1,0,83.475,0,0,0,0,0,0,0.6666666666666666,0,1,0,1
63,64,4.0,3,2,27.9,0,0,0,0,1,0,0.0,0,0,0,0
64,65,37.69701752451101,0,0,27.7208,0,1,0,0,0,0,0.0,0,1,0,0
65,66,2.369070878630497,1,1,15.2458,0,1,0,0,1,0,1.0,1,0,0,1
66,67,29.0,0,0,10.5,1,0,0,1,0,0,0.0,1,0,1,0
67,68,19.0,0,0,8.1583,0,0,0,0,0,0,0.0,0,0,0,0
68,69,17.0,4,2,7.925,1,0,0,0,0,1,0.125,1,0,0,1
69,70,26.0,2,0,8.6625,0,0,0,0,0,0,0.0,0,0,0,0
70,71,32.0,0,0,10.5,0,0,0,0,0,0,0.0,0,0,1,0
71,72,16.0,5,2,46.9,1,0,0,0,0,1,0.0,0,0,0,0
72,73,21.0,0,0,73.5,0,0,0,0,0,0,0.0,0,0,1,0
73,74,26.0,1,0,14.4542,0,1,0,0,0,0,0.0,0,0,0,0
74,75,32.0,0,0,56.4958,0,0,0,0,0,0,0.0,1,0,0,0
75,76,25.0,0,0,7.65,0,0,0,0,0,0,0.0,0,0,0,0
76,77,27.099888796654987,0,0,7.8958,0,0,0,0,0,0,0.0,0,0,0,0
77,78,27.09905679629961,0,0,8.05,0,0,0,0,0,0,0.0,0,0,0,0
78,79,0.83,0,2,29.0,0,0,0,0,1,0,1.0,1,0,1,1
79,80,30.0,0,0,12.475,1,0,0,0,0,1,0.0,1,0,0,0
80,81,22.0,0,0,9.0,0,0,0,0,0,0,0.0,0,0,0,0
81,82,29.0,0,0,9.5,0,0,0,0,0,0,0.0,1,0,0,0
82,83,20.90071493189803,0,0,7.7875,1,0,1,0,0,1,0.0,1,0,0,0
83,84,28.0,0,0,47.1,0,0,0,0,0,0,0.0,0,1,0,0
84,85,17.0,0,0,10.5,1,0,0,0,0,1,0.0,1,0,1,0
85,86,33.0,3,0,15.85,1,0,0,1,0,0,0.0,1,0,0,0
86,87,16.0,1,3,34.375,0,0,0,0,0,0,0.0,0,0,0,0
87,88,27.09905679629961,0,0,8.05,0,0,0,0,0,0,0.0,0,0,0,0
88,89,23.0,3,2,263.0,1,0,0,0,0,1,0.3333333333333333,1,1,0,1
89,90,24.0,0,0,8.05,0,0,0,0,0,0,0.0,0,0,0,0
90,91,29.0,0,0,8.05,0,0,0,0,0,0,0.0,0,0,0,0
91,92,20.0,0,0,7.8542,0,0,0,0,0,0,0.0,0,0,0,0
92,93,46.0,1,0,61.175,0,0,0,0,0,0,0.0,0,1,0,0
93,94,26.0,1,2,20.575,0,0,0,0,0,0,1.0,0,0,0,1
94,95,59.0,0,0,7.25,0,0,0,0,0,0,0.0,0,0,0,0
95,96,27.09905679629961,0,0,8.05,0,0,0,0,0,0,0.0,0,0,0,0
96,97,71.0,0,0,34.6542,0,1,0,0,0,0,0.0,0,1,0,0
97,98,23.0,0,1,63.3583,0,1,0,0,0,0,0.0,1,1,0,0
98,99,34.0,0,1,23.0,1,0,0,1,0,0,1.0,1,0,1,1
99,100,34.0,1,0,26.0,0,0,0,0,0,0,1.0,0,0,1,1
100,101,28.0,0,0,7.8958,1,0,0,0,0,1,0.0,0,0,0,0
101,102,27.099888796654987,0,0,7.8958,0,0,0,0,0,0,0.0,0,0,0,0
102,103,21.0,0,1,77.2875,0,0,0,0,0,0,0.0,0,1,0,0
103,104,33.0,0,0,8.6542,0,0,0,0,0,0,0.0,0,0,0,0
104,105,37.0,2,0,7.925,0,0,0,0,0,0,0.0,0,0,0,0
105,106,28.0,0,0,7.8958,0,0,0,0,0,0,0.0,0,0,0,0
106,107,21.0,0,0,7.65,1,0,0,0,0,1,0.0,1,0,0,0
107,108,27.10054058422474,0,0,7.775,0,0,0,0,0,0,0.0,1,0,0,0
108,109,38.0,0,0,7.8958,0,0,0,0,0,0,0.0,0,0,0,0
109,110,21.165953171681767,1,0,24.15,1,0,1,0,0,1,0.0,1,0,0,0
110,111,47.0,0,0,52.0,0,0,0,0,0,0,0.0,0,1,0,0
111,112,14.5,1,0,14.4542,1,1,0,0,0,1,0.0,0,0,0,0
112,113,22.0,0,0,8.05,0,0,0,0,0,0,0.0,0,0,0,0
113,114,20.0,1,0,9.825,1,0,0,0,0,1,0.5,0,0,0,1
114,115,17.0,0,0,14.4583,1,1,0,0,0,1,0.0,0,0,0,0
115,116,21.0,0,0,7.925,0,0,0,0,0,0,0.0,0,0,0,0
116,117,70.5,0,0,7.75,0,0,1,0,0,0,0.0,0,0,0,0
117,118,29.0,1,0,21.0,0,0,0,0,0,0,0.0,0,0,1,0
118,119,24.0,0,1,247.5208,0,1,0,0,0,0,1.0,0,1,0,1
119,120,2.0,4,2,31.275,1,0,0,0,0,1,0.25,0,0,0,1
120,121,21.0,2,0,73.5,0,0,0,0,0,0,0.0,0,0,1,0
121,122,27.09905679629961,0,0,8.05,0,0,0,0,0,0,0.0,0,0,0,0
122,123,32.5,1,0,30.0708,0,1,0,0,0,0,1.0,0,0,1,1
123,124,32.5,0,0,13.0,1,0,0,0,0,1,0.0,1,0,1,0
124,125,54.0,0,1,77.2875,0,0,0,0,0,0,0.0,0,1,0,0
125,126,12.0,1,0,11.2417,0,1,0,0,1,0,1.0,1,0,0,1
126,127,30.90475975546834,0,0,7.75,0,0,1,0,0,0,0.0,0,0,0,0
127,128,24.0,0,0,7.1417,0,0,0,0,0,0,0.0,1,0,0,0
128,129,7.649730284830787,1,1,22.3583,1,1,0,0,0,1,1.0,1,0,0,1
129,130,45.0,0,0,6.975,0,0,0,0,0,0,0.0,0,0,0,0
130,131,33.0,0,0,7.8958,0,1,0,0,0,0,0.0,0,0,0,0
131,132,20.0,0,0,7.05,0,0,0,0,0,0,0.0,0,0,0,0
132,133,47.0,1,0,14.5,1,0,0,1,0,0,0.0,0,0,0,0
133,134,29.0,1,0,26.0,1,0,0,1,0,0,0.0,1,0,1,0
134,135,25.0,0,0,13.0,0,0,0,0,0,0,0.0,0,0,1,0
135,136,23.0,0,0,15.0458,0,1,0,0,0,0,0.0,0,0,1,0
136,137,19.0,0,2,26.2833,1,0,0,0,0,1,0.0,1,1,0,0
137,138,37.0,1,0,53.1,0,0,0,0,0,0,1.0,0,1,0,1
138,139,16.0,0,0,9.2167,0,0,0,0,0,0,0.0,0,0,0,0
139,140,24.0,0,0,79.2,0,1,0,0,0,0,0.0,0,1,0,0
140,141,31.596170580246124,0,2,15.2458,1,1,0,1,0,0,0.0,0,0,0,0
141,142,22.0,0,0,7.75,1,0,0,0,0,1,0.0,1,0,0,0
142,143,24.0,1,0,15.85,1,0,0,1,0,0,0.0,1,0,0,0
143,144,19.0,0,0,6.75,0,0,1,0,0,0,0.0,0,0,0,0
144,145,18.0,0,0,11.5,0,0,0,0,0,0,0.0,0,0,1,0
145,146,19.0,1,1,36.75,0,0,0,0,0,0,0.0,0,0,1,0
146,147,27.0,0,0,7.7958,0,0,0,0,0,0,0.125,1,0,0,1
147,148,9.0,2,2,34.375,1,0,0,0,0,1,0.0,0,0,0,0
148,149,36.5,0,2,26.0,0,0,0,0,0,0,1.0,0,0,1,1
149,150,42.0,0,0,13.0,0,0,0,0,0,0,0.0,0,0,1,0
150,151,51.0,0,0,12.525,0,0,0,0,0,0,0.0,0,0,1,0
151,152,22.0,1,0,66.6,1,0,0,1,0,0,0.0,1,1,0,0
152,153,55.5,0,0,8.05,0,0,0,0,0,0,0.0,0,0,0,0
153,154,40.5,0,2,14.5,0,0,0,0,0,0,0.0,0,0,0,0
154,155,27.103036045733965,0,0,7.3125,0,0,0,0,0,0,0.0,0,0,0,0
155,156,51.0,0,1,61.3792,0,1,0,0,0,0,0.3333333333333333,0,1,0,1
156,157,16.0,0,0,7.7333,1,0,1,0,0,1,0.0,1,0,0,0
157,158,30.0,0,0,8.05,0,0,0,0,0,0,0.0,0,0,0,0
158,159,27.09575199591965,0,0,8.6625,0,0,0,0,0,0,0.0,0,0,0,0
159,160,6.216026513691206,8,2,69.55,0,0,0,0,1,0,0.0,0,0,0,0
160,161,44.0,0,1,16.1,0,0,0,0,0,0,0.0,0,0,0,0
161,162,40.0,0,0,15.75,1,0,0,1,0,0,0.0,1,0,1,0
162,163,26.0,0,0,7.775,0,0,0,0,0,0,0.0,0,0,0,0
163,164,17.0,0,0,8.6625,0,0,0,0,0,0,0.0,0,0,0,0
164,165,1.0,4,1,39.6875,0,0,0,0,1,0,0.0,0,0,0,0
165,166,9.0,0,2,20.525,0,0,0,0,1,0,0.5,1,0,0,1
166,167,38.866532127222406,0,1,55.0,1,0,0,1,0,0,0.0,1,1,0,0
167,168,45.0,1,4,27.9,1,0,0,1,0,0,0.0,0,0,0,0
168,169,39.098538366569684,0,0,25.925,0,0,0,0,0,0,0.0,0,1,0,0
169,170,28.0,0,0,56.4958,0,0,0,0,0,0,0.0,0,0,0,0
170,171,61.0,0,0,33.5,0,0,0,0,0,0,0.0,0,1,0,0
171,172,4.0,4,1,29.125,0,0,1,0,1,0,0.0,0,0,0,0
172,173,1.0,1,1,11.1333,1,0,0,0,0,1,0.4,1,0,0,1
173,174,21.0,0,0,7.925,0,0,0,0,0,0,0.0,0,0,0,0
174,175,56.0,0,0,30.6958,0,1,0,0,0,0,0.3333333333333333,0,1,0,1
175,176,18.0,1,1,7.8542,0,0,0,0,0,0,0.0,0,0,0,0
176,177,4.036171829791572,3,1,25.4667,0,0,0,0,1,0,0.0,0,0,0,0
177,178,50.0,0,0,28.7125,1,1,0,0,0,1,0.0,0,1,0,0
178,179,30.0,0,0,13.0,0,0,0,0,0,0,0.0,0,0,1,0
179,180,36.0,0,0,0.0,0,0,0,0,0,0,0.0,0,0,0,0
180,181,8.849875730344856,8,2,69.55,1,0,0,0,0,1,0.0,0,0,0,0
181,182,31.71742010468771,0,0,15.05,0,1,0,0,0,0,0.0,0,0,1,0
182,183,9.0,4,2,31.3875,0,0,0,0,1,0,1.0,0,0,0,1
183,184,1.0,2,1,39.0,0,0,0,0,1,0,1.0,1,0,1,1
184,185,4.0,0,2,22.025,1,0,0,0,0,1,0.0,1,0,0,0
185,186,38.968639478237904,0,0,50.0,0,0,0,0,0,0,0.0,0,1,0,0
186,187,28.660819671137816,1,0,15.5,1,0,1,1,0,0,0.0,1,0,0,0
187,188,45.0,0,0,26.55,0,0,0,0,0,0,0.0,1,1,0,0
188,189,40.0,1,1,15.5,0,0,1,0,0,0,0.0,0,0,0,0
189,190,36.0,0,0,7.8958,0,0,0,0,0,0,0.0,0,0,0,0
190,191,32.0,0,0,13.0,1,0,0,1,0,0,0.0,1,0,1,0
191,192,19.0,0,0,13.0,0,0,0,0,0,0,0.0,0,0,1,0
192,193,19.0,1,0,7.8542,1,0,0,0,0,1,0.0,1,0,0,0
193,194,3.0,1,1,26.0,0,0,0,0,1,0,0.5,1,0,1,1
194,195,44.0,0,0,27.7208,1,1,0,1,0,0,0.6666666666666666,1,1,0,1
195,196,58.0,0,0,146.5208,1,1,0,0,0,1,0.0,1,1,0,0
196,197,30.90475975546834,0,0,7.75,0,0,1,0,0,0,0.0,0,0,0,0
197,198,42.0,0,1,8.4042,0,0,0,0,0,0,0.0,0,0,0,0
198,199,20.899618063614305,0,0,7.75,1,0,1,0,0,1,0.0,1,0,0,0
199,200,24.0,0,0,13.0,1,0,0,1,0,1,0.0,0,0,1,0
201,201,28.0,0,0,9.5,0,0,0,0,0,0,0.0,0,0,0,0
202,202,6.32595990905164,8,2,69.55,0,0,0,0,0,0,0.0,0,0,0,0
203,203,34.0,0,0,6.4958,0,0,0,0,0,0,0.0,0,0,0,0
204,204,45.5,0,0,7.225,0,1,0,0,0,0,0.0,0,0,0,0
205,205,18.0,0,0,8.05,0,0,0,0,0,0,0.0,1,0,0,0
206,206,2.0,0,1,10.4625,1,0,0,0,0,1,0.0,0,0,0,0
207,207,32.0,1,0,15.85,0,0,0,0,0,0,1.0,0,0,0,1
208,208,26.0,0,0,18.7875,0,1,0,0,0,0,0.0,1,0,0,0
209,209,16.0,0,0,7.75,1,0,1,0,0,1,0.0,1,0,0,0
210,210,40.0,0,0,31.0,0,1,0,0,0,0,0.0,1,1,0,0
211,211,24.0,0,0,7.05,0,0,0,0,0,0,0.0,0,0,0,0
212,212,35.0,0,0,21.0,1,0,0,0,0,1,0.0,1,0,1,0
213,213,22.0,0,0,7.25,0,0,0,0,0,0,0.0,0,0,0,0
214,214,30.0,0,0,13.0,0,0,0,0,0,0,0.0,0,0,1,0
215,215,28.354933977009033,1,0,7.75,0,0,1,0,0,0,0.0,0,0,0,0
216,216,31.0,1,0,113.275,1,1,0,0,0,1,0.5,1,1,0,1
217,217,27.0,0,0,7.925,1,0,0,0,0,1,0.0,1,0,0,0
218,218,42.0,1,0,27.0,0,0,0,0,0,0,1.0,0,0,1,1
219,219,32.0,0,0,76.2917,1,1,0,0,0,1,0.0,1,1,0,0
220,220,30.0,0,0,10.5,0,0,0,0,0,0,0.6666666666666666,0,0,1,1
221,221,16.0,0,0,8.05,0,0,0,0,0,0,0.0,1,0,0,0
222,222,27.0,0,0,13.0,0,0,0,0,0,0,0.0,0,0,1,0
223,223,51.0,0,0,8.05,0,0,0,0,0,0,0.0,0,0,0,0
224,224,27.099888796654987,0,0,7.8958,0,0,0,0,0,0,0.0,0,0,0,0
225,225,38.0,1,0,90.0,0,0,0,0,0,0,0.5,1,1,0,1
226,226,22.0,0,0,9.35,0,0,0,0,0,0,0.0,0,0,0,0
227,227,19.0,0,0,10.5,0,0,0,0,0,0,0.0,1,0,1,0
228,228,20.5,0,0,7.25,0,0,0,0,0,0,0.0,0,0,0,0
229,229,18.0,0,0,13.0,0,0,0,0,0,0,0.0,0,0,1,0
230,230,15.202508746635239,3,1,25.4667,1,0,0,0,0,1,0.0,0,0,0,0
231,231,35.0,1,0,83.475,1,0,0,1,0,0,0.3333333333333333,1,1,0,1
232,232,29.0,0,0,7.775,0,0,0,0,0,0,0.0,0,0,0,0
233,233,59.0,0,0,13.5,0,0,0,0,0,0,0.0,0,0,1,0
234,234,5.0,4,2,31.3875,1,0,0,0,0,1,0.6666666666666666,1,0,0,1
235,235,24.0,0,0,10.5,0,0,0,0,0,0,0.0,0,0,1,0
236,236,21.89378621678995,0,0,7.55,1,0,0,0,0,1,0.0,0,0,0,0
237,237,44.0,1,0,26.0,0,0,0,0,0,0,0.0,0,0,1,0
238,238,8.0,0,2,26.25,1,0,0,0,0,1,0.5,1,0,1,1
239,239,19.0,0,0,10.5,0,0,0,0,0,0,0.0,0,0,1,0
240,240,33.0,0,0,12.275,0,0,0,0,0,0,0.0,0,0,1,0
241,241,19.525026835842176,1,0,14.4542,1,1,0,0,0,1,0.0,0,0,0,0
242,242,15.381704030569587,1,0,15.5,1,0,1,0,0,1,1.0,1,0,0,1
243,243,29.0,0,0,10.5,0,0,0,0,0,0,0.0,0,0,1,0
244,244,22.0,0,0,7.125,0,0,0,0,0,0,0.0,0,0,0,0
245,245,30.0,0,0,7.225,0,1,0,0,0,0,0.0,0,0,0,0
246,246,44.0,2,0,90.0,0,0,1,0,0,0,1.0,0,1,0,1
247,247,25.0,0,0,7.775,1,0,0,0,0,1,0.0,0,0,0,0
248,248,24.0,0,2,14.5,1,0,0,1,0,0,1.0,1,0,1,1
249,249,37.0,1,1,52.5542,0,0,0,0,0,0,1.0,1,1,0,1
250,250,54.0,1,0,26.0,0,0,0,0,0,0,0.8,0,0,1,1
251,251,27.10337327026601,0,0,7.25,0,0,0,0,0,0,0.0,0,0,0,0
252,252,29.0,1,1,10.4625,1,0,0,1,0,0,0.0,0,0,0,0
253,253,62.0,0,0,26.55,0,0,0,0,0,0,0.0,0,1,0,0
254,254,30.0,1,0,16.1,0,0,0,0,0,0,0.0,0,0,0,0
255,255,41.0,0,2,20.2125,1,0,0,1,0,0,0.0,0,0,0,0
256,256,29.0,0,2,15.2458,1,1,0,1,0,0,0.0,1,0,0,0
257,257,36.86958099886944,0,0,79.2,1,1,0,1,0,0,0.0,1,1,0,0
258,258,30.0,0,0,86.5,1,0,0,0,0,1,0.0,1,1,0,0
259,259,35.0,0,0,512.3292,1,1,0,0,0,1,0.0,1,1,0,0
260,260,50.0,0,1,26.0,1,0,0,1,0,0,0.0,1,0,1,0
261,261,32.0355145040198,0,0,7.75,0,0,1,0,0,0,0.3333333333333333,0,0,0,1
262,262,3.0,4,2,31.3875,0,0,0,0,1,0,0.6666666666666666,1,0,0,1
263,263,52.0,1,1,79.65,0,0,0,0,0,0,1.0,0,1,0,1
264,264,40.0,0,0,0.0,0,0,0,0,0,0,0.0,0,1,0,0
265,265,20.899618063614305,0,0,7.75,1,0,1,0,0,1,0.0,0,0,0,0
266,266,36.0,0,0,10.5,0,0,0,0,0,0,0.0,0,0,1,0
267,267,16.0,4,1,39.6875,0,0,0,0,0,0,0.0,0,0,0,0
268,268,25.0,1,0,7.775,0,0,0,0,0,0,0.0,1,0,0,0
269,269,58.0,0,1,153.4625,1,0,0,1,0,0,0.5,1,1,0,1
270,270,35.0,0,0,135.6333,1,0,0,0,0,1,0.0,1,1,0,0
271,271,39.071155734853576,0,0,31.0,0,0,0,0,0,0,0.0,0,1,0,0
272,272,25.0,0,0,0.0,0,0,0,0,0,0,0.0,1,0,0,0
273,273,41.0,0,1,19.5,1,0,0,1,0,0,1.0,1,0,1,1
274,274,37.0,0,1,29.7,0,1,0,0,0,0,0.0,0,1,0,0
275,275,20.899618063614305,0,0,7.75,1,0,1,0,0,1,0.0,1,0,0,0
276,276,63.0,1,0,77.9583,1,0,0,0,0,1,0.0,1,1,0,0
277,277,45.0,0,0,7.75,1,0,0,0,0,1,0.0,0,0,0,0
278,278,33.190455208237054,0,0,0.0,0,0,0,0,0,0,0.0,0,0,1,0
279,279,7.0,4,1,29.125,0,0,1,0,1,0,0.0,0,0,0,0
280,280,35.0,1,1,20.25,1,0,0,1,0,0,0.0,1,0,0,0
281,281,65.0,0,0,7.75,0,0,1,0,0,0,0.0,0,0,0,0
282,282,28.0,0,0,7.8542,0,0,0,0,0,0,0.0,0,0,0,0
283,283,16.0,0,0,9.5,0,0,0,0,0,0,0.0,0,0,0,0
284,284,19.0,0,0,8.05,0,0,0,0,0,0,0.0,1,0,0,0
285,285,40.228888445665206,0,0,26.0,0,0,0,0,0,0,0.3333333333333333,0,1,0,1
286,286,33.0,0,0,8.6625,0,1,0,0,0,0,0.0,0,0,0,0
287,287,30.0,0,0,9.5,0,0,0,0,0,0,0.0,1,0,0,0
288,288,22.0,0,0,7.8958,0,0,0,0,0,0,0.0,0,0,0,0
289,289,42.0,0,0,13.0,0,0,0,0,0,0,0.0,1,0,1,0
290,290,22.0,0,0,7.75,1,0,1,0,0,1,0.0,1,0,0,0
291,291,26.0,0,0,78.85,1,0,0,0,0,1,0.0,1,1,0,0
292,292,19.0,1,0,91.0792,1,1,0,1,0,0,1.0,1,1,0,1
293,293,36.0,0,0,12.875,0,1,0,0,0,0,0.0,0,0,1,0
294,294,24.0,0,0,8.85,1,0,0,0,0,1,0.0,0,0,0,0
295,295,24.0,0,0,7.8958,0,0,0,0,0,0,0.0,0,0,0,0
296,296,37.69701752451101,0,0,27.7208,0,1,0,0,0,0,0.0,0,1,0,0
297,297,23.5,0,0,7.2292,0,1,0,0,0,0,0.0,0,0,0,0
298,298,2.0,1,2,151.55,1,0,0,0,0,1,0.5,0,1,0,1
299,299,39.0738535311095,0,0,30.5,0,0,0,0,0,0,0.0,1,1,0,0
300,300,50.0,0,1,247.5208,1,1,0,1,0,0,0.0,1,1,0,0
301,301,17.212125936985366,0,0,7.75,1,0,1,0,0,1,0.6666666666666666,1,0,0,1
302,302,29.113740761163932,2,0,23.25,0,0,1,0,0,0,1.0,1,0,0,1
303,303,19.0,0,0,0.0,0,0,0,0,0,0,0.6,0,0,0,1
304,304,25.938797920780797,0,0,12.35,1,0,1,0,0,1,0.0,1,0,1,0
305,305,28.229811544845838,0,0,8.05,0,0,0,0,0,0,0.3333333333333333,0,0,0,1
306,306,0.92,1,2,151.55,0,0,0,0,1,0,0.0,1,1,0,0
307,307,32.36818406173851,0,0,110.8833,1,1,0,0,0,1,0.0,1,1,0,0
308,308,17.0,1,0,108.9,1,1,0,1,0,0,0.0,1,1,0,0
309,309,30.0,1,0,24.0,0,1,0,0,0,0,1.0,0,0,1,1
310,310,30.0,0,0,56.9292,1,1,0,0,0,1,0.0,1,1,0,0
311,311,24.0,0,0,83.1583,1,1,0,0,0,1,1.0,1,1,0,1
312,312,18.0,2,2,262.375,1,1,0,0,0,1,1.0,1,1,0,1
313,313,26.0,1,1,26.0,1,0,0,1,0,0,0.0,0,0,1,0
314,314,28.0,0,0,7.8958,0,0,0,0,0,0,0.0,0,0,0,0
315,315,43.0,1,1,26.25,0,0,0,0,0,0,0.6666666666666666,0,0,1,1
316,316,26.0,0,0,7.8542,1,0,0,0,0,1,0.0,1,0,0,0
317,317,24.0,1,0,26.0,1,0,0,1,0,0,0.0,1,0,1,0
318,318,54.0,0,0,14.0,0,0,0,0,0,0,0.0,0,0,1,0
319,319,31.0,0,2,164.8667,1,0,0,0,0,1,1.0,1,1,0,1
320,320,40.0,1,1,134.5,1,1,0,1,0,0,0.0,1,1,0,0
321,321,22.0,0,0,7.25,0,0,0,0,0,0,0.0,0,0,0,0
322,322,27.0,0,0,7.8958,0,0,0,0,0,0,0.0,0,0,0,0
323,323,30.0,0,0,12.35,1,0,1,0,0,1,0.0,1,0,1,0
324,324,22.0,1,1,29.0,1,0,0,1,0,0,1.0,1,0,1,1
325,325,6.32595990905164,8,2,69.55,0,0,0,0,0,0,0.0,0,0,0,0
326,326,36.0,0,0,135.6333,1,1,0,0,0,1,0.0,1,1,0,0
327,327,61.0,0,0,6.2375,0,0,0,0,0,0,0.0,0,0,0,0
328,328,36.0,0,0,13.0,1,0,0,1,0,0,0.0,1,0,1,0
329,329,31.0,1,1,20.525,1,0,0,1,0,0,0.5,1,0,0,1
330,330,16.0,0,1,57.9792,1,1,0,0,0,1,1.0,1,1,0,1
331,331,15.395028187460902,2,0,23.25,1,0,1,0,0,1,1.0,1,0,0,1
332,332,45.5,0,0,28.5,0,0,0,0,0,0,0.0,0,1,0,0
333,333,38.0,0,1,153.4625,0,0,0,0,0,0,1.0,0,1,0,1
334,334,16.0,2,0,18.0,0,0,0,0,0,0,0.0,0,0,0,0
335,335,40.033618594771745,1,0,133.65,1,0,0,1,0,0,1.0,1,1,0,1
336,336,27.099888796654987,0,0,7.8958,0,0,0,0,0,0,0.0,0,0,0,0
337,337,29.0,1,0,66.6,0,0,0,0,0,0,1.0,0,1,0,1
338,338,41.0,0,0,134.5,1,1,0,0,0,1,0.0,1,1,0,0
339,339,45.0,0,0,8.05,0,0,0,0,0,0,0.0,1,0,0,0
340,340,45.0,0,0,35.5,0,0,0,0,0,0,0.0,0,1,0,0
341,341,2.0,1,1,26.0,0,0,0,0,1,0,0.5,1,0,1,1
342,342,24.0,3,2,263.0,1,0,0,0,0,1,0.3333333333333333,1,1,0,1
343,343,28.0,0,0,13.0,0,0,0,0,0,0,0.0,0,0,1,0
344,344,25.0,0,0,13.0,0,0,0,0,0,0,0.0,0,0,1,0
345,345,36.0,0,0,13.0,0,0,0,0,0,0,0.0,0,0,1,0
346,346,24.0,0,0,13.0,1,0,0,0,0,1,0.6666666666666666,1,0,1,1
347,347,40.0,0,0,13.0,1,0,0,0,0,1,0.0,1,0,1,0
348,348,29.127410333010193,1,0,16.1,1,0,0,1,0,0,0.0,1,0,0,0
349,349,3.0,1,1,15.9,0,0,0,0,1,0,1.0,1,0,0,1
350,350,42.0,0,0,8.6625,0,0,0,0,0,0,0.0,0,0,0,0
351,351,23.0,0,0,9.225,0,0,0,0,0,0,0.0,0,0,0,0
352,352,39.049573365040004,0,0,35.0,0,0,0,0,0,0,0.0,0,1,0,0
353,353,15.0,1,1,7.2292,0,1,0,0,0,0,0.0,0,0,0,0
354,354,25.0,1,0,17.8,0,0,0,0,0,0,0.0,0,0,0,0
355,355,25.71167672294393,0,0,7.225,0,1,0,0,0,0,0.0,0,0,0,0
356,356,28.0,0,0,9.5,0,0,0,0,0,0,0.0,0,0,0,0
357,357,22.0,0,1,55.0,1,0,0,0,0,1,0.0,1,1,0,0
358,358,38.0,0,0,13.0,1,0,0,0,0,1,0.0,0,0,1,0
359,359,20.903397140479434,0,0,7.8792,1,0,1,0,0,1,0.0,1,0,0,0
360,360,20.903397140479434,0,0,7.8792,1,0,1,0,0,1,0.0,1,0,0,0
361,361,40.0,1,4,27.9,0,0,0,0,0,0,0.0,0,0,0,0
362,362,29.0,1,0,27.7208,0,1,0,0,0,0,0.0,0,0,1,0
363,363,45.0,0,1,14.4542,1,1,0,1,0,0,0.0,0,0,0,0
364,364,35.0,0,0,7.05,0,0,0,0,0,0,0.0,0,0,0,0
365,365,30.0092502583179,1,0,15.5,0,0,1,0,0,0,0.5,0,0,0,1
366,366,30.0,0,0,7.25,0,0,0,0,0,0,0.0,0,0,0,0
367,367,60.0,1,0,75.25,1,1,0,1,0,0,0.0,1,1,0,0
368,368,27.598404665842978,0,0,7.2292,1,1,0,1,0,0,0.0,1,0,0,0
369,369,20.899618063614305,0,0,7.75,1,0,1,0,0,1,0.0,1,0,0,0
370,370,24.0,0,0,69.3,1,1,0,0,0,0,0.0,1,1,0,0
371,371,25.0,1,0,55.4417,0,1,0,0,0,0,0.0,1,1,0,0
372,372,18.0,1,0,6.4958,0,0,0,0,0,0,0.0,0,0,0,0
373,373,19.0,0,0,8.05,0,0,0,0,0,0,0.0,0,0,0,0
374,374,22.0,0,0,135.6333,0,1,0,0,0,0,0.0,0,1,0,0
375,375,3.0,3,1,21.075,1,0,0,0,0,1,0.0,0,0,0,0
376,376,36.15613782878019,1,0,82.1708,1,1,0,1,0,0,0.0,1,1,0,0
377,377,22.0,0,0,7.25,1,0,0,0,0,1,0.0,1,0,0,0
378,378,27.0,0,2,211.5,0,1,0,0,0,0,0.0,0,1,0,0
379,379,20.0,0,0,4.0125,0,1,0,0,0,0,0.0,0,0,0,0
380,380,19.0,0,0,7.775,0,0,0,0,0,0,0.0,0,0,0,0
381,381,42.0,0,0,227.525,1,1,0,0,0,1,0.0,1,1,0,0
382,382,1.0,0,2,15.7417,1,1,0,0,0,1,1.0,1,0,0,1
383,383,32.0,0,0,7.925,0,0,0,0,0,0,0.0,0,0,0,0
384,384,35.0,1,0,52.0,1,0,0,1,0,0,0.0,1,1,0,0
385,385,27.099888796654987,0,0,7.8958,0,0,0,0,0,0,0.0,0,0,0,0
386,386,18.0,0,0,73.5,0,0,0,0,0,0,0.5,0,0,1,1
387,387,1.0,5,2,46.9,0,0,0,0,1,0,0.0,0,0,0,0
388,388,36.0,0,0,13.0,1,0,0,0,0,1,0.0,1,0,1,0
389,389,30.90487198378738,0,0,7.7292,0,0,1,0,0,0,0.0,0,0,0,0
390,390,17.0,0,0,12.0,1,1,0,0,0,1,0.0,1,0,1,0
391,391,36.0,1,2,120.0,0,0,0,0,0,0,0.6,1,1,0,1
392,392,21.0,0,0,7.7958,0,0,0,0,0,0,0.0,1,0,0,0
393,393,28.0,2,0,7.925,0,0,0,0,0,0,0.0,0,0,0,0
394,394,23.0,1,0,113.275,1,1,0,0,0,1,0.5,1,1,0,1
395,395,24.0,0,2,16.7,1,0,0,1,0,0,1.0,1,0,0,1
396,396,22.0,0,0,7.7958,0,0,0,0,0,0,0.0,0,0,0,0
397,397,31.0,0,0,7.8542,1,0,0,0,0,1,0.0,0,0,0,0
398,398,46.0,0,0,26.0,0,0,0,0,0,0,0.0,0,0,1,0
399,399,23.0,0,0,10.5,0,0,0,0,0,0,0.0,0,0,1,0
400,400,28.0,0,0,12.65,1,0,0,1,0,0,0.0,1,0,1,0
401,401,39.0,0,0,7.925,0,0,0,0,0,0,0.0,1,0,0,0
402,402,26.0,0,0,8.05,0,0,0,0,0,0,0.0,0,0,0,0
403,403,21.0,1,0,9.825,1,0,0,0,0,1,0.5,0,0,0,1
404,404,28.0,1,0,15.85,0,0,0,0,0,0,1.0,0,0,0,1
405,405,20.0,0,0,8.6625,1,0,0,0,0,1,0.0,0,0,0,0
406,406,34.0,1,0,21.0,0,0,0,0,0,0,0.0,0,0,1,0
407,407,51.0,0,0,7.75,0,0,0,0,0,0,0.0,0,0,0,0
408,408,3.0,1,1,18.75,0,0,0,0,1,0,1.0,1,0,1,1
409,409,21.0,0,0,7.775,0,0,0,0,0,0,0.0,0,0,0,0
410,410,15.202508746635239,3,1,25.4667,1,0,0,0,0,1,0.0,0,0,0,0
411,411,27.099888796654987,0,0,7.8958,0,0,0,0,0,0,0.0,0,0,0,0
412,412,33.171080502359096,0,0,6.8583,0,0,1,0,0,0,0.6666666666666666,0,0,0,1
413,413,33.0,1,0,90.0,1,0,1,0,0,1,0.0,1,1,0,0
414,414,33.190455208237054,0,0,0.0,0,0,0,0,0,0,0.0,0,0,1,0
415,415,44.0,0,0,7.925,0,0,0,0,0,0,0.0,1,0,0,0
416,416,29.50663402339229,0,0,8.05,1,0,0,1,0,0,0.0,0,0,0,0
417,417,34.0,1,1,32.5,1,0,0,1,0,0,0.0,1,0,1,0
418,418,18.0,0,2,13.0,1,0,0,0,0,1,0.0,1,0,1,0
419,419,30.0,0,0,13.0,0,0,0,0,0,0,0.0,0,0,1,0
420,420,10.0,0,2,24.15,1,0,0,0,0,1,0.0,0,0,0,0
421,421,25.70805735952555,0,0,7.8958,0,1,0,0,0,0,0.0,0,0,0,0
422,422,21.0,0,0,7.7333,0,0,1,0,0,0,0.0,0,0,0,0
423,423,29.0,0,0,7.875,0,0,0,0,0,0,0.0,0,0,0,0
424,424,28.0,1,1,14.4,1,0,0,1,0,0,0.0,0,0,0,0
425,425,18.0,1,1,20.2125,0,0,0,0,0,0,0.0,0,0,0,0
426,426,27.10337327026601,0,0,7.25,0,0,0,0,0,0,0.0,0,0,0,0
427,427,28.0,1,0,26.0,1,0,0,1,0,0,0.0,1,0,1,0
428,428,19.0,0,0,26.0,1,0,0,1,0,1,0.0,1,0,1,0
430,429,32.60089187829336,0,0,7.75,0,0,1,0,0,0,0.5,0,0,0,1
431,430,32.0,0,0,8.05,0,0,0,0,0,0,0.0,1,0,0,0
432,431,28.0,0,0,26.55,0,0,0,0,0,0,0.0,1,1,0,0
433,432,29.127410333010193,1,0,16.1,1,0,0,1,0,0,0.0,1,0,0,0
434,433,42.0,1,0,26.0,1,0,0,1,0,0,0.0,1,0,1,0
435,434,17.0,0,0,7.125,0,0,0,0,0,0,0.0,0,0,0,0
436,435,50.0,1,0,55.9,0,0,0,0,0,0,1.0,0,1,0,1
437,436,14.0,1,2,120.0,1,0,0,0,0,1,0.6,1,1,0,1
438,437,21.0,2,2,34.375,1,0,0,0,0,1,0.0,0,0,0,0
439,438,24.0,2,3,18.75,1,0,0,1,0,0,1.0,1,0,1,1
440,439,64.0,1,4,263.0,0,0,0,0,0,0,0.6666666666666666,0,1,0,1
441,440,31.0,0,0,10.5,0,0,0,0,0,0,0.0,0,0,1,0
442,441,45.0,1,1,26.25,1,0,0,1,0,0,0.3333333333333333,1,0,1,1
443,442,20.0,0,0,9.5,0,0,0,0,0,0,0.0,0,0,0,0
444,443,25.0,1,0,7.775,0,0,0,0,0,0,0.0,0,0,0,0
445,444,28.0,0,0,13.0,1,0,0,0,0,0,0.0,1,0,1,0
446,445,27.098719571770612,0,0,8.1125,0,0,0,0,0,0,0.0,1,0,0,0
447,446,4.0,0,2,81.8583,0,0,0,0,1,0,0.0,1,1,0,0
448,447,13.0,0,1,19.5,1,0,0,0,0,1,1.0,1,0,1,1
449,448,34.0,0,0,26.55,0,0,0,0,0,0,0.0,1,1,0,0
450,449,5.0,2,1,19.2583,1,1,0,0,0,1,1.0,1,0,0,1
451,450,52.0,0,0,30.5,0,0,0,0,0,0,0.0,1,1,0,0
452,451,36.0,1,2,27.75,0,0,0,0,0,0,1.0,0,0,1,1
453,452,24.484933361238,1,0,19.9667,0,0,0,0,0,0,0.0,0,0,0,0
454,453,30.0,0,0,27.75,0,1,0,0,0,0,0.0,0,1,0,0
455,454,49.0,1,0,89.1042,0,1,0,0,0,0,1.0,1,1,0,1
456,455,27.09905679629961,0,0,8.05,0,0,0,0,0,0,0.0,0,0,0,0
457,456,29.0,0,0,7.8958,0,1,0,0,0,0,0.0,1,0,0,0
458,457,65.0,0,0,26.55,0,0,0,0,0,0,0.0,0,1,0,0
459,458,36.016022642847936,1,0,51.8625,1,0,0,1,0,0,0.0,1,1,0,0
460,459,50.0,0,0,10.5,1,0,0,0,0,1,0.0,1,0,1,0
461,460,30.90475975546834,0,0,7.75,0,0,1,0,0,0,0.0,0,0,0,0
462,461,48.0,0,0,26.55,0,0,0,0,0,0,0.0,1,1,0,0
463,462,34.0,0,0,8.05,0,0,0,0,0,0,0.0,0,0,0,0
464,463,47.0,0,0,38.5,0,0,0,0,0,0,0.0,0,1,0,0
465,464,48.0,0,0,13.0,0,0,0,0,0,0,0.0,0,0,1,0
466,465,27.09905679629961,0,0,8.05,0,0,0,0,0,0,0.0,0,0,0,0
467,466,38.0,0,0,7.05,0,0,0,0,0,0,0.0,0,0,0,0
468,467,33.190455208237054,0,0,0.0,0,0,0,0,0,0,0.0,0,0,1,0
469,468,56.0,0,0,26.55,0,0,0,0,0,0,0.0,0,1,0,0
470,469,30.90489464527905,0,0,7.725,0,0,1,0,0,0,0.0,0,0,0,0
471,470,0.75,2,1,19.2583,1,1,0,0,0,1,1.0,1,0,0,1
472,471,27.10337327026601,0,0,7.25,0,0,0,0,0,0,0.0,0,0,0,0
473,472,38.0,0,0,8.6625,0,0,0,0,0,0,0.0,0,0,0,0
474,473,33.0,1,2,27.75,1,0,0,1,0,0,0.5,1,0,1,1
475,474,23.0,0,0,13.7917,1,1,0,1,0,0,0.0,1,0,1,0
476,475,22.0,0,0,9.8375,1,0,0,0,0,1,0.0,0,0,0,0
477,476,38.95784829332157,0,0,52.0,0,0,0,0,0,0,0.0,0,1,0,0
478,477,34.0,1,0,21.0,0,0,0,0,0,0,1.0,0,0,1,1
479,478,29.0,1,0,7.0458,0,0,0,0,0,0,0.0,0,0,0,0
480,479,22.0,0,0,7.5208,0,0,0,0,0,0,0.0,0,0,0,0
481,480,2.0,0,1,12.2875,1,0,0,0,0,1,0.0,1,0,0,0
482,481,9.0,5,2,46.9,0,0,0,0,1,0,0.0,0,0,0,0
483,482,33.190455208237054,0,0,0.0,0,0,0,0,0,0,0.0,0,0,1,0
484,483,50.0,0,0,8.05,0,0,0,0,0,0,0.0,0,0,0,0
485,484,63.0,0,0,9.5875,1,0,0,1,0,0,0.0,1,0,0,0
486,485,25.0,1,0,91.0792,0,1,0,0,0,0,1.0,1,1,0,1
487,486,15.202508746635239,3,1,25.4667,1,0,0,0,0,1,0.0,0,0,0,0
488,487,35.0,1,0,90.0,1,0,0,1,0,0,0.5,1,1,0,1
489,488,58.0,0,0,29.7,0,1,0,0,0,0,0.0,0,1,0,0
490,489,30.0,0,0,8.05,0,0,0,0,0,0,0.0,0,0,0,0
491,490,9.0,1,1,15.9,0,0,0,0,1,0,1.0,1,0,0,1
492,491,24.484933361238,1,0,19.9667,0,0,0,0,0,0,0.0,0,0,0,0
493,492,21.0,0,0,7.25,0,0,0,0,0,0,0.0,0,0,0,0
494,493,55.0,0,0,30.5,0,0,0,0,0,0,0.0,0,1,0,0
495,494,71.0,0,0,49.5042,0,1,0,0,0,0,0.0,0,1,0,0
496,495,21.0,0,0,8.05,0,0,0,0,0,0,1.0,0,0,0,1
497,496,25.67264878405809,0,0,14.4583,0,1,0,0,0,0,0.0,0,0,0,0
498,497,54.0,1,0,78.2667,1,1,0,0,0,1,0.0,1,1,0,0
499,498,27.06101786950624,0,0,15.1,0,0,0,0,0,0,0.0,0,0,0,0
500,499,25.0,1,2,151.55,1,0,0,1,0,0,0.5,0,1,0,1
501,500,24.0,0,0,7.7958,0,0,0,0,0,0,0.0,0,0,0,0
502,501,17.0,0,0,8.6625,0,0,0,0,0,0,0.0,0,0,0,0
503,502,21.0,0,0,7.75,1,0,1,0,0,1,0.0,0,0,0,0
504,503,20.896084685243984,0,0,7.6292,1,0,1,0,0,1,0.0,0,0,0,0
505,504,37.0,0,0,9.5875,1,0,0,0,0,1,0.0,0,0,0,0
506,505,16.0,0,0,86.5,1,0,0,0,0,1,0.0,1,1,0,0
507,506,18.0,1,0,108.9,0,1,0,0,0,0,1.0,0,1,0,1
508,507,33.0,0,2,26.0,1,0,0,1,0,0,1.0,1,0,1,1
509,508,39.09516612127839,0,0,26.55,0,0,0,0,0,0,0.0,1,1,0,0
510,509,28.0,0,0,22.525,0,0,0,0,0,0,0.0,0,0,0,0
511,510,26.0,0,0,56.4958,0,0,0,0,0,0,0.0,1,0,0,0
512,511,29.0,0,0,7.75,0,0,1,0,0,0,1.0,1,0,0,1
513,512,30.491321041950563,0,0,8.05,0,0,0,0,0,0,1.0,0,0,0,1
514,513,36.0,0,0,26.2875,0,0,0,0,0,0,0.0,1,1,0,0
515,514,54.0,1,0,59.4,1,1,0,1,0,0,0.0,1,1,0,0
516,515,24.0,0,0,7.4958,0,0,0,0,0,0,0.0,0,0,0,0
517,516,47.0,0,0,34.0208,0,0,0,0,0,0,0.0,0,1,0,0
518,517,34.0,0,0,10.5,1,0,0,1,0,0,0.0,1,0,1,0
519,518,30.816272039229993,0,0,24.15,0,0,1,0,0,0,0.0,0,0,0,0
520,519,36.0,1,0,26.0,1,0,0,1,0,0,0.0,1,0,1,0
521,520,32.0,0,0,7.8958,0,0,0,0,0,0,0.0,0,0,0,0
522,521,30.0,0,0,93.5,1,0,0,0,0,1,0.0,1,1,0,0
523,522,22.0,0,0,7.8958,0,0,0,0,0,0,0.0,0,0,0,0
524,523,25.71167672294393,0,0,7.225,0,1,0,0,0,0,0.0,0,0,0,0
525,524,44.0,0,1,57.9792,1,1,0,1,0,0,1.0,1,1,0,1
526,525,25.711654061454983,0,0,7.2292,0,1,0,0,0,0,0.0,0,0,0,0
527,526,40.5,0,0,7.75,0,0,1,0,0,0,0.0,0,0,0,0
528,527,50.0,0,0,10.5,1,0,0,0,0,1,0.0,1,0,1,0
529,528,38.04178892320507,0,0,221.7792,0,0,0,0,0,0,0.0,0,1,0,0
530,529,39.0,0,0,7.925,0,0,0,0,0,0,0.0,0,0,0,0
531,530,23.0,2,1,11.5,0,0,0,0,0,0,1.0,0,0,1,1
532,531,2.0,1,1,26.0,1,0,0,0,0,1,1.0,1,0,1,1
533,532,25.711654061454983,0,0,7.2292,0,1,0,0,0,0,0.0,0,0,0,0
534,533,17.0,1,1,7.2292,0,1,0,0,0,0,0.0,0,0,0,0
535,534,30.700032155474915,0,2,22.3583,1,1,0,1,0,0,1.0,1,0,0,1
536,535,30.0,0,0,8.6625,1,0,0,0,0,1,0.0,0,0,0,0
537,536,7.0,0,2,26.25,1,0,0,0,0,1,0.3333333333333333,1,0,1,1
538,537,45.0,0,0,26.55,0,0,0,0,0,0,0.0,0,1,0,0
539,538,30.0,0,0,106.425,1,1,0,0,0,1,0.0,1,1,0,0
540,539,27.06425522497872,0,0,14.5,0,0,0,0,0,0,0.0,0,0,0,0
541,540,22.0,0,2,49.5,1,1,0,0,0,1,0.0,1,1,0,0
542,541,36.0,0,2,71.0,1,0,0,0,0,1,0.0,1,1,0,0
543,542,9.0,4,2,31.275,1,0,0,0,0,1,0.25,0,0,0,1
544,543,11.0,4,2,31.275,1,0,0,0,0,1,0.25,0,0,0,1
545,544,32.0,1,0,26.0,0,0,0,0,0,0,1.0,1,0,1,1
546,545,50.0,1,0,106.425,0,1,0,0,0,0,0.0,0,1,0,0
547,546,64.0,0,0,26.0,0,0,0,0,0,0,0.0,0,1,0,0
548,547,19.0,1,0,26.0,1,0,0,1,0,0,1.0,1,0,1,1
549,548,31.723827370725907,0,0,13.8625,0,1,0,0,0,0,0.0,1,0,1,0
550,549,33.0,1,1,20.525,0,0,0,0,0,0,1.0,0,0,0,1
551,550,8.0,1,1,36.75,0,0,0,0,1,0,0.0,1,0,1,0
552,551,17.0,0,2,110.8833,0,1,0,0,0,0,0.5,1,1,0,1
553,552,27.0,0,0,26.0,0,0,0,0,0,0,0.0,0,0,1,0
554,553,32.60046454737269,0,0,7.8292,0,0,1,0,0,0,0.5,0,0,0,1
555,554,22.0,0,0,7.225,0,1,0,0,0,0,0.0,1,0,0,0
556,555,22.0,0,0,7.775,1,0,0,0,0,1,0.0,1,0,0,0
557,556,62.0,0,0,26.55,0,0,0,0,0,0,0.0,0,1,0,0
558,557,48.0,1,0,39.6,1,1,0,1,0,0,1.0,1,1,0,1
559,558,36.61895549070524,0,0,227.525,0,1,0,0,0,0,0.0,0,1,0,0
560,559,39.0,1,1,79.65,1,0,0,1,0,0,0.5,1,1,0,1
561,560,36.0,1,0,17.4,1,0,0,1,0,0,0.0,1,0,0,0
562,561,30.90475975546834,0,0,7.75,0,0,1,0,0,0,0.0,0,0,0,0
563,562,40.0,0,0,7.8958,0,0,0,0,0,0,0.0,0,0,0,0
564,563,28.0,0,0,13.5,0,0,0,0,0,0,0.0,0,0,1,0
565,564,27.09905679629961,0,0,8.05,0,0,0,0,0,0,0.0,0,0,0,0
566,565,21.908411127259694,0,0,8.05,1,0,0,0,0,1,0.0,0,0,0,0
567,566,24.0,2,0,24.15,0,0,0,0,0,0,0.5,0,0,0,1
568,567,19.0,0,0,7.8958,0,0,0,0,0,0,0.0,0,0,0,0
569,568,29.0,0,4,21.075,1,0,0,1,0,0,0.0,0,0,0,0
570,569,25.711654061454983,0,0,7.2292,0,1,0,0,0,0,0.0,0,0,0,0
571,570,32.0,0,0,7.8542,0,0,0,0,0,0,0.0,1,0,0,0
572,571,62.0,0,0,10.5,0,0,0,0,0,0,0.3333333333333333,1,0,1,1
573,572,53.0,2,0,51.4792,1,0,0,1,0,0,0.0,1,1,0,0
574,573,36.0,0,0,26.3875,0,0,0,0,0,0,0.0,1,1,0,0
575,574,17.212125936985366,0,0,7.75,1,0,1,0,0,1,0.6666666666666666,1,0,0,1
576,575,16.0,0,0,8.05,0,0,0,0,0,0,0.0,0,0,0,0
577,576,19.0,0,0,14.5,0,0,0,0,0,0,0.0,0,0,0,0
578,577,34.0,0,0,13.0,1,0,0,0,0,1,0.0,1,0,1,0
579,578,39.0,1,0,55.9,1,0,0,1,0,0,0.0,1,1,0,0
580,579,27.165164443153873,1,0,14.4583,1,1,0,1,0,0,0.0,0,0,0,0
581,580,32.0,0,0,7.925,0,0,0,0,0,0,0.0,1,0,0,0
582,581,25.0,1,1,30.0,1,0,0,0,0,1,0.0,1,0,1,0
583,582,39.0,1,1,110.8833,1,1,0,1,0,0,0.5,1,1,0,1
584,583,54.0,0,0,26.0,0,0,0,0,0,0,0.0,0,0,1,0
585,584,36.0,0,0,40.125,0,1,0,0,0,0,0.0,0,1,0,0
586,585,25.703650779169386,0,0,8.7125,0,1,0,0,0,0,0.0,0,0,0,0
587,586,18.0,0,2,79.65,1,0,0,0,0,1,0.5,1,1,0,1
588,587,47.0,0,0,15.0,0,0,0,0,0,0,0.0,0,0,1,0
589,588,60.0,1,1,79.2,0,1,0,0,0,0,0.0,1,1,0,0
590,589,22.0,0,0,8.05,0,0,0,0,0,0,0.0,0,0,0,0
591,590,27.09905679629961,0,0,8.05,0,0,0,0,0,0,0.0,0,0,0,0
592,591,35.0,0,0,7.125,0,0,0,0,0,0,0.0,0,0,0,0
593,592,52.0,1,0,78.2667,1,1,0,1,0,0,0.0,1,1,0,0
594,593,47.0,0,0,7.25,0,0,0,0,0,0,0.0,0,0,0,0
595,594,7.749114322003387,0,2,7.75,1,0,1,0,0,1,0.0,0,0,0,0
596,595,37.0,1,0,26.0,0,0,0,0,0,0,0.0,0,0,1,0
597,596,36.0,1,1,24.15,0,0,0,0,0,0,0.0,0,0,0,0
598,597,27.542824840648827,0,0,33.0,1,0,0,0,0,1,0.0,1,0,1,0
599,598,49.0,0,0,0.0,0,0,0,0,0,0,0.6,0,0,0,1
600,599,25.71167672294393,0,0,7.225,0,1,0,0,0,0,0.0,0,0,0,0
601,600,49.0,1,0,56.9292,0,1,0,0,0,0,1.0,1,1,0,1
602,601,24.0,2,1,27.0,1,0,0,1,0,0,0.0,1,0,1,0
603,602,27.099888796654987,0,0,7.8958,0,0,0,0,0,0,0.0,0,0,0,0
604,603,39.00964598087594,0,0,42.4,0,0,0,0,0,0,0.0,0,1,0,0
605,604,44.0,0,0,8.05,0,0,0,0,0,0,0.0,0,0,0,0
606,605,35.0,0,0,26.55,0,1,0,0,0,0,0.0,1,1,0,0
607,606,36.0,1,0,15.55,0,0,0,0,0,0,0.0,0,0,0,0
608,607,30.0,0,0,7.8958,0,0,0,0,0,0,0.0,0,0,0,0
609,608,27.0,0,0,30.5,0,0,0,0,0,0,0.0,1,1,0,0
610,609,22.0,1,2,41.5792,1,1,0,1,0,0,0.5,1,0,1,1
611,610,40.0,0,0,153.4625,1,0,0,0,0,1,0.0,1,1,0,0
612,611,39.0,1,5,31.275,1,0,0,1,0,0,0.25,0,0,0,1
613,612,27.104452388754762,0,0,7.05,0,0,0,0,0,0,0.0,0,0,0,0
614,613,15.381704030569587,1,0,15.5,1,0,1,0,0,1,1.0,1,0,0,1
615,614,30.90475975546834,0,0,7.75,0,0,1,0,0,0,0.0,0,0,0,0
616,615,35.0,0,0,8.05,0,0,0,0,0,0,0.0,0,0,0,0
617,616,24.0,1,2,65.0,1,0,0,0,0,1,1.0,1,0,1,1
618,617,34.0,1,1,14.4,0,0,0,0,0,0,0.0,0,0,0,0
619,618,26.0,1,0,16.1,1,0,0,1,0,0,0.0,0,0,0,0
620,619,4.0,2,1,39.0,1,0,0,0,0,1,1.0,1,0,1,1
621,620,26.0,0,0,10.5,0,0,0,0,0,0,0.0,0,0,1,0
622,621,27.0,1,0,14.4542,0,1,0,0,0,0,1.0,0,0,0,1
623,622,42.0,1,0,52.5542,0,0,0,0,0,0,0.0,1,1,0,0
624,623,20.0,1,1,15.7417,0,1,0,0,0,0,1.0,1,0,0,1
625,624,21.0,0,0,7.8542,0,0,0,0,0,0,0.0,0,0,0,0
626,625,21.0,0,0,16.1,0,0,0,0,0,0,0.0,0,0,0,0
627,626,61.0,0,0,32.3208,0,0,0,0,0,0,0.0,0,1,0,0
628,627,57.0,0,0,12.35,0,0,1,0,0,0,0.0,0,0,1,0
629,628,21.0,0,0,77.9583,1,0,0,0,0,1,0.0,1,1,0,0
630,629,26.0,0,0,7.8958,0,0,0,0,0,0,0.0,0,0,0,0
631,630,30.904849861860967,0,0,7.7333,0,0,1,0,0,0,0.0,0,0,0,0
632,631,80.0,0,0,30.0,0,0,0,0,0,0,0.0,1,1,0,0
633,632,51.0,0,0,7.0542,0,0,0,0,0,0,0.0,0,0,0,0
634,633,32.0,0,0,30.5,0,1,0,0,0,0,0.0,1,1,0,0
635,634,39.23841910092321,0,0,0.0,0,0,0,0,0,0,0.0,0,1,0,0
636,635,9.0,3,2,27.9,1,0,0,0,0,1,0.0,0,0,0,0
637,636,28.0,0,0,13.0,1,0,0,0,0,1,0.0,1,0,1,0
638,637,32.0,0,0,7.925,0,0,0,0,0,0,0.0,0,0,0,0
639,638,31.0,1,1,26.25,0,0,0,0,0,0,1.0,0,0,1,1
640,639,41.0,0,5,39.6875,1,0,0,1,0,0,0.0,0,0,0,0
641,640,27.89806074423961,1,0,16.1,0,0,0,0,0,0,1.0,0,0,0,1
642,641,20.0,0,0,7.8542,0,0,0,0,0,0,0.0,0,0,0,0
643,642,24.0,0,0,69.3,1,1,0,0,0,0,0.0,1,1,0,0
644,643,2.0,3,2,27.9,1,0,0,0,0,1,0.0,0,0,0,0
645,644,26.83766300337984,0,0,56.4958,0,0,0,0,0,0,0.0,1,0,0,0
646,645,0.75,2,1,19.2583,1,1,0,0,0,1,1.0,1,0,0,1
647,646,48.0,1,0,76.7292,0,1,0,0,0,0,0.6666666666666666,1,1,0,1
648,647,19.0,0,0,7.8958,0,0,0,0,0,0,0.0,0,0,0,0
649,648,56.0,0,0,35.5,0,1,0,0,0,0,0.0,1,1,0,0
650,649,27.101754592527488,0,0,7.55,0,0,0,0,0,0,0.0,0,0,0,0
651,650,23.0,0,0,7.55,1,0,0,0,0,1,0.0,1,0,0,0
652,651,27.099888796654987,0,0,7.8958,0,0,0,0,0,0,0.0,0,0,0,0
653,652,18.0,0,1,23.0,1,0,0,0,0,1,1.0,1,0,1,1
654,653,21.0,0,0,8.4333,0,0,0,0,0,0,0.0,0,0,0,0
655,654,20.901934649431283,0,0,7.8292,1,0,1,0,0,1,0.0,1,0,0,0
656,655,18.0,0,0,6.75,1,0,1,0,0,1,0.0,0,0,0,0
657,656,24.0,2,0,73.5,0,0,0,0,0,0,0.0,0,0,1,0
658,657,27.099888796654987,0,0,7.8958,0,0,0,0,0,0,0.0,0,0,0,0
659,658,32.0,1,1,15.5,1,0,1,1,0,0,0.0,0,0,0,0
660,659,23.0,0,0,13.0,0,0,0,0,0,0,0.0,0,0,1,0
661,660,58.0,0,2,113.275,0,1,0,0,0,0,1.0,0,1,0,1
662,661,50.0,2,0,133.65,0,0,0,0,0,0,1.0,1,1,0,1
663,662,40.0,0,0,7.225,0,1,0,0,0,0,0.0,0,0,0,0
664,663,47.0,0,0,25.5875,0,0,0,0,0,0,0.0,0,1,0,0
665,664,36.0,0,0,7.4958,0,0,0,0,0,0,0.0,0,0,0,0
666,665,20.0,1,0,7.925,0,0,0,0,0,0,0.0,1,0,0,0
667,666,32.0,2,0,73.5,0,0,0,0,0,0,0.0,0,0,1,0
668,667,25.0,0,0,13.0,0,0,0,0,0,0,0.0,0,0,1,0
669,668,27.10054058422474,0,0,7.775,0,0,0,0,0,0,0.0,0,0,0,0
670,669,43.0,0,0,8.05,0,0,0,0,0,0,0.0,0,0,0,0
671,670,34.660918067732396,1,0,52.0,1,0,0,1,0,0,1.0,1,1,0,1
672,671,40.0,1,1,39.0,1,0,0,1,0,0,0.6666666666666666,1,0,1,1
673,672,31.0,1,0,52.0,0,0,0,0,0,0,0.0,0,1,0,0
674,673,70.0,0,0,10.5,0,0,0,0,0,0,0.0,0,0,1,0
675,674,31.0,0,0,13.0,0,0,0,0,0,0,0.0,1,0,1,0
676,675,33.190455208237054,0,0,0.0,0,0,0,0,0,0,0.0,0,0,1,0
677,676,18.0,0,0,7.775,0,0,0,0,0,0,0.0,0,0,0,0
678,677,24.5,0,0,8.05,0,0,0,0,0,0,0.0,0,0,0,0
679,678,18.0,0,0,9.8417,1,0,0,0,0,1,0.0,1,0,0,0
680,679,43.0,1,6,46.9,1,0,0,1,0,0,0.0,0,0,0,0
681,680,36.0,0,1,512.3292,0,1,0,0,0,0,0.0,1,1,0,0
682,681,20.91095236922917,0,0,8.1375,1,0,1,0,0,1,0.0,0,0,0,0
683,682,27.0,0,0,76.7292,0,1,0,0,0,0,0.0,1,1,0,0
684,683,20.0,0,0,9.225,0,0,0,0,0,0,0.0,0,0,0,0
685,684,14.0,5,2,46.9,0,0,0,0,0,0,0.0,0,0,0,0
686,685,60.0,1,1,39.0,0,0,0,0,0,0,1.0,0,0,1,1
687,686,25.0,1,2,41.5792,0,1,0,0,0,0,1.0,0,0,1,1
688,687,14.0,4,1,39.6875,0,0,0,0,0,0,0.0,0,0,0,0
689,688,19.0,0,0,10.1708,0,0,0,0,0,0,0.0,0,0,0,0
690,689,18.0,0,0,7.7958,0,0,0,0,0,0,0.0,0,0,0,0
691,690,15.0,0,1,211.3375,1,0,0,0,0,1,0.0,1,1,0,0
692,691,31.0,1,0,57.0,0,0,0,0,0,0,1.0,1,1,0,1
693,692,4.0,0,1,13.4167,1,1,0,0,0,1,0.0,1,0,0,0
694,693,26.83766300337984,0,0,56.4958,0,0,0,0,0,0,0.0,1,0,0,0
695,694,25.0,0,0,7.225,0,1,0,0,0,0,0.0,0,0,0,0
696,695,60.0,0,0,26.55,0,0,0,0,0,0,0.0,0,1,0,0
697,696,52.0,0,0,13.5,0,0,0,0,0,0,0.0,0,0,1,0
698,697,44.0,0,0,8.05,0,0,0,0,0,0,1.0,0,0,0,1
699,698,20.899129591603078,0,0,7.7333,1,0,1,0,0,1,0.0,1,0,0,0
700,699,49.0,1,1,110.8833,0,1,0,0,0,0,1.0,0,1,0,1
701,700,42.0,0,0,7.65,0,0,0,0,0,0,0.0,0,0,0,0
702,701,18.0,1,0,227.525,1,1,0,1,0,0,0.0,1,1,0,0
703,702,35.0,0,0,26.2875,0,0,0,0,0,0,0.0,1,1,0,0
704,703,18.0,0,1,14.4542,1,1,0,0,0,1,0.0,0,0,0,0
705,704,25.0,0,0,7.7417,0,0,1,0,0,0,0.0,0,0,0,0
706,705,26.0,1,0,7.8542,0,0,0,0,0,0,0.0,0,0,0,0
707,706,39.0,0,0,26.0,0,0,0,0,0,0,0.0,0,0,1,0
708,707,45.0,0,0,13.5,1,0,0,1,0,0,0.6666666666666666,1,0,1,1
709,708,42.0,0,0,26.2875,0,0,0,0,0,0,0.0,1,1,0,0
710,709,22.0,0,0,151.55,1,0,0,0,0,1,0.0,1,1,0,0
711,710,2.369070878630497,1,1,15.2458,0,1,0,0,1,0,1.0,1,0,0,1
712,711,24.0,0,0,49.5042,1,1,0,1,0,0,0.0,1,1,0,0
713,712,39.09516612127839,0,0,26.55,0,0,0,0,0,0,0.0,0,1,0,0
714,713,48.0,1,0,52.0,0,0,0,0,0,0,1.0,1,1,0,1
715,714,29.0,0,0,9.4833,0,0,0,0,0,0,0.0,0,0,0,0
716,715,52.0,0,0,13.0,0,0,0,0,0,0,0.0,0,0,1,0
717,716,19.0,0,0,7.65,0,0,0,0,0,0,0.0,0,0,0,0
718,717,38.0,0,0,227.525,1,1,0,0,0,1,0.0,1,1,0,0
719,718,27.0,0,0,10.5,1,0,0,0,0,1,0.0,1,0,1,0
720,719,30.86294391395355,0,0,15.5,0,0,1,0,0,0,0.0,0,0,0,0
721,720,33.0,0,0,7.775,0,0,0,0,0,0,0.6,0,0,0,1
722,721,6.0,0,1,33.0,1,0,0,0,0,1,0.6666666666666666,1,0,1,1
723,722,17.0,1,0,7.0542,0,0,0,0,0,0,0.0,0,0,0,0
724,723,34.0,0,0,13.0,0,0,0,0,0,0,0.0,0,0,1,0
725,724,50.0,0,0,13.0,0,0,0,0,0,0,0.0,0,0,1,0
726,725,27.0,1,0,53.1,0,0,0,0,0,0,1.0,1,1,0,1
727,726,20.0,0,0,8.6625,0,0,0,0,0,0,0.0,0,0,0,0
728,727,30.0,3,0,21.0,1,0,0,1,0,0,0.0,1,0,1,0
729,728,20.899252440851207,0,0,7.7375,1,0,1,0,0,1,0.0,1,0,0,0
730,729,25.0,1,0,26.0,0,0,0,0,0,0,0.0,0,0,1,0
731,730,25.0,1,0,7.925,1,0,0,0,0,1,0.0,0,0,0,0
732,731,29.0,0,0,211.3375,1,0,0,0,0,1,0.0,1,1,0,0
733,732,11.0,0,0,18.7875,0,1,0,0,0,0,0.0,0,0,0,0
734,733,33.190455208237054,0,0,0.0,0,0,0,0,0,0,0.0,0,0,1,0
735,734,23.0,0,0,13.0,0,0,0,0,0,0,0.0,0,0,1,0
736,735,23.0,0,0,13.0,0,0,0,0,0,0,0.0,0,0,1,0
737,736,28.5,0,0,16.1,0,0,0,0,0,0,0.3333333333333333,0,0,0,1
738,737,48.0,1,3,34.375,1,0,0,1,0,0,0.0,0,0,0,0
739,738,35.0,0,0,512.3292,0,1,0,0,0,0,0.0,1,1,0,0
740,739,27.099888796654987,0,0,7.8958,0,0,0,0,0,0,0.0,0,0,0,0
741,740,27.099888796654987,0,0,7.8958,0,0,0,0,0,0,0.0,0,0,0,0
742,741,39.076551327313354,0,0,30.0,0,0,0,0,0,0,0.0,1,1,0,0
743,742,36.0,1,0,78.85,0,0,0,0,0,0,0.0,0,1,0,0
744,743,21.0,2,2,262.375,1,1,0,0,0,1,1.0,1,1,0,1
745,744,24.0,1,0,16.1,0,0,0,0,0,0,0.0,0,0,0,0
746,745,31.0,0,0,7.925,0,0,0,0,0,0,0.0,1,0,0,0
747,746,70.0,1,1,71.0,0,0,0,0,0,0,1.0,0,1,0,1
748,747,16.0,1,1,20.25,0,0,0,0,0,0,1.0,0,0,0,1
749,748,30.0,0,0,13.0,1,0,0,0,0,1,0.0,1,0,1,0
750,749,19.0,1,0,53.1,0,0,0,0,0,0,0.0,0,1,0,0
751,750,31.0,0,0,7.75,0,0,1,0,0,0,0.0,0,0,0,0
752,751,4.0,1,1,23.0,1,0,0,0,0,1,0.0,1,0,1,0
753,752,6.0,0,1,12.475,0,0,0,0,1,0,1.0,1,0,0,1
754,753,33.0,0,0,9.5,0,0,0,0,0,0,0.0,0,0,0,0
755,754,23.0,0,0,7.8958,0,0,0,0,0,0,0.0,0,0,0,0
756,755,48.0,1,2,65.0,1,0,0,1,0,0,1.0,1,0,1,1
757,756,0.67,1,1,14.5,0,0,0,0,1,0,1.0,1,0,1,1
758,757,28.0,0,0,7.7958,0,0,0,0,0,0,0.0,0,0,0,0
759,758,18.0,0,0,11.5,0,0,0,0,0,0,0.0,0,0,1,0
760,759,34.0,0,0,8.05,0,0,0,0,0,0,0.0,0,0,0,0
761,760,33.0,0,0,86.5,1,0,0,0,0,0,0.0,1,1,0,0
762,761,27.06425522497872,0,0,14.5,0,0,0,0,0,0,0.0,0,0,0,0
763,762,41.0,0,0,7.125,0,0,0,0,0,0,0.0,0,0,0,0
764,763,20.0,0,0,7.2292,0,1,0,0,0,0,0.0,1,0,0,0
765,764,36.0,1,2,120.0,1,0,0,1,0,0,0.6,1,1,0,1
766,765,16.0,0,0,7.775,0,0,0,0,0,0,0.0,0,0,0,0
767,766,51.0,1,0,77.9583,1,0,0,1,0,0,0.0,1,1,0,0
768,767,37.63292220263249,0,0,39.6,0,1,0,0,0,0,0.0,0,1,0,0
769,768,30.5,0,0,7.75,1,0,1,0,0,1,0.0,0,0,0,0
770,769,29.96257838358797,1,0,24.15,0,0,1,0,0,0,0.5,0,0,0,1
771,770,32.0,0,0,8.3625,0,0,0,0,0,0,0.0,0,0,0,0
772,771,24.0,0,0,9.5,0,0,0,0,0,0,0.0,0,0,0,0
773,772,48.0,0,0,7.8542,0,0,0,0,0,0,0.0,0,0,0,0
774,773,57.0,0,0,10.5,1,0,0,1,0,0,0.0,0,0,1,0
775,774,25.71167672294393,0,0,7.225,0,1,0,0,0,0,0.0,0,0,0,0
776,775,54.0,1,3,23.0,1,0,0,1,0,0,0.0,1,0,1,0
777,776,18.0,0,0,7.75,0,0,0,0,0,0,0.0,0,0,0,0
778,777,30.90475975546834,0,0,7.75,0,0,1,0,0,0,0.0,0,0,0,0
779,778,5.0,0,0,12.475,1,0,0,0,0,1,0.0,1,0,0,0
780,779,30.904827200375763,0,0,7.7375,0,0,1,0,0,0,0.0,0,0,0,0
781,780,43.0,0,1,211.3375,1,0,0,1,0,0,0.0,1,1,0,0
782,781,13.0,0,0,7.2292,1,1,0,0,0,1,0.0,1,0,0,0
783,782,17.0,1,0,57.0,1,0,0,1,0,0,1.0,1,1,0,1
784,783,29.0,0,0,30.0,0,0,0,0,0,0,0.0,0,1,0,0
785,784,24.423477170421442,1,2,23.45,0,0,0,0,0,0,0.0,0,0,0,0
786,785,25.0,0,0,7.05,0,0,0,0,0,0,0.0,0,0,0,0
787,786,25.0,0,0,7.25,0,0,0,0,0,0,0.0,0,0,0,0
788,787,18.0,0,0,7.4958,1,0,0,0,0,1,0.0,1,0,0,0
789,788,8.0,4,1,29.125,0,0,1,0,1,0,0.0,0,0,0,0
790,789,1.0,1,2,20.575,0,0,0,0,1,0,0.0,1,0,0,0
791,790,46.0,0,0,79.2,0,1,0,0,0,0,0.0,0,1,0,0
792,791,34.29702400111747,0,0,7.75,0,0,1,0,0,0,1.0,0,0,0,1
793,792,16.0,0,0,26.0,0,0,0,0,0,0,0.0,0,0,1,0
794,793,8.849875730344856,8,2,69.55,1,0,0,0,0,1,0.0,0,0,0,0
795,794,41.07322988261173,0,0,30.6958,0,1,0,0,0,0,1.0,0,1,0,1
796,795,25.0,0,0,7.8958,0,0,0,0,0,0,0.0,0,0,0,0
797,796,39.0,0,0,13.0,0,0,0,0,0,0,0.0,0,0,1,0
798,797,49.0,0,0,25.9292,1,0,0,0,0,0,0.0,1,1,0,0
799,798,31.0,0,0,8.6833,1,0,0,1,0,0,0.0,1,0,0,0
800,799,30.0,0,0,7.2292,0,1,0,0,0,0,0.0,0,0,0,0
801,800,30.0,1,1,24.15,1,0,0,1,0,0,0.0,0,0,0,0
802,801,34.0,0,0,13.0,0,0,0,0,0,0,0.0,0,0,1,0
803,802,31.0,1,1,26.25,1,0,0,1,0,0,0.5,1,0,1,1
804,803,11.0,1,2,120.0,0,0,0,0,1,0,0.6,1,1,0,1
805,804,0.42,0,1,8.5167,0,1,0,0,1,0,0.0,1,0,0,0
806,805,27.0,0,0,6.975,0,0,0,0,0,0,0.0,1,0,0,0
807,806,31.0,0,0,7.775,0,0,0,0,0,0,0.0,0,0,0,0
808,807,39.0,0,0,0.0,0,0,0,0,0,0,1.0,0,1,0,1
809,808,18.0,0,0,7.775,1,0,0,0,0,1,0.0,0,0,0,0
810,809,39.0,0,0,13.0,0,0,0,0,0,0,0.5,0,0,1,1
811,810,33.0,1,0,53.1,1,0,0,1,0,0,1.0,1,1,0,1
812,811,26.0,0,0,7.8875,0,0,0,0,0,0,0.0,0,0,0,0
813,812,39.0,0,0,24.15,0,0,0,0,0,0,0.0,0,0,0,0
814,813,35.0,0,0,10.5,0,0,0,0,0,0,0.0,0,0,1,0
815,814,6.0,4,2,31.275,1,0,0,0,0,1,0.25,0,0,0,1
816,815,30.5,0,0,8.05,0,0,0,0,0,0,0.0,0,0,0,0
817,816,39.23841910092321,0,0,0.0,0,0,0,0,0,0,0.0,0,1,0,0
818,817,23.0,0,0,7.925,1,0,0,0,0,1,0.0,0,0,0,0
819,818,31.0,1,1,37.0042,0,1,0,0,0,0,1.0,0,0,1,1
820,819,43.0,0,0,6.45,0,0,0,0,0,0,0.0,0,0,0,0
821,820,10.0,3,2,27.9,0,0,0,0,1,0,0.0,0,0,0,0
822,821,52.0,1,1,93.5,1,0,0,1,0,0,1.0,1,1,0,1
823,822,27.0,0,0,8.6625,0,0,0,0,0,0,0.0,1,0,0,0
824,823,38.0,0,0,0.0,0,0,0,0,0,0,0.0,0,1,0,0
825,824,27.0,0,1,12.475,1,0,0,1,0,0,1.0,1,0,0,1
826,825,2.0,4,1,39.6875,0,0,0,0,1,0,0.0,0,0,0,0
827,826,32.60520835225511,0,0,6.95,0,0,1,0,0,0,0.5,0,0,0,1
828,827,30.229927249025327,0,0,56.4958,0,0,0,0,0,0,1.0,0,0,0,1
829,828,1.0,0,2,37.0042,0,1,0,0,1,0,0.0,1,0,1,0
830,829,30.90475975546834,0,0,7.75,0,0,1,0,0,0,0.0,1,0,0,0
831,830,62.0,0,0,80.0,1,0,0,1,0,0,0.0,1,1,0,0
832,831,15.0,1,0,14.4542,1,1,0,1,0,0,0.0,1,0,0,0
833,832,0.83,1,1,18.75,0,0,0,0,1,0,1.0,1,0,1,1
834,833,25.711654061454983,0,0,7.2292,0,1,0,0,0,0,0.0,0,0,0,0
835,834,23.0,0,0,7.8542,0,0,0,0,0,0,0.0,0,0,0,0
836,835,18.0,0,0,8.3,0,0,0,0,0,0,0.0,0,0,0,0
837,836,39.0,1,1,83.1583,1,1,0,0,0,1,0.0,1,1,0,0
838,837,21.0,0,0,8.6625,0,0,0,0,0,0,0.0,0,0,0,0
839,838,27.09905679629961,0,0,8.05,0,0,0,0,0,0,0.0,0,0,0,0
840,839,32.0,0,0,56.4958,0,0,0,0,0,0,0.0,1,0,0,0
841,840,37.686338567928026,0,0,29.7,0,1,0,0,0,0,0.0,1,1,0,0
842,841,20.0,0,0,7.925,0,0,0,0,0,0,0.0,0,0,0,0
843,842,16.0,0,0,10.5,0,0,0,0,0,0,0.0,0,0,1,0
844,843,30.0,0,0,31.0,1,1,0,0,0,1,0.0,1,1,0,0
845,844,34.5,0,0,6.4375,0,1,0,0,0,0,0.0,0,0,0,0
846,845,17.0,0,0,8.6625,0,0,0,0,0,0,0.0,0,0,0,0
847,846,42.0,0,0,7.55,0,0,0,0,0,0,0.0,0,0,0,0
848,847,6.32595990905164,8,2,69.55,0,0,0,0,0,0,0.0,0,0,0,0
849,848,35.0,0,0,7.8958,0,1,0,0,0,0,0.0,0,0,0,0
850,849,28.0,0,1,33.0,0,0,0,0,0,0,1.0,0,0,1,1
851,850,35.24821433770513,1,0,89.1042,1,1,0,1,0,0,1.0,1,1,0,1
852,851,4.0,4,2,31.275,0,0,0,0,1,0,0.25,0,0,0,1
853,852,74.0,0,0,7.775,0,0,0,0,0,0,0.0,0,0,0,0
854,853,9.0,1,1,15.2458,1,1,0,0,0,1,0.0,0,0,0,0
855,854,16.0,0,1,39.4,1,0,0,0,0,1,0.0,1,1,0,0
856,855,44.0,1,0,26.0,1,0,0,1,0,0,0.8,0,0,1,1
857,856,18.0,0,1,9.35,1,0,0,1,0,0,0.0,1,0,0,0
858,857,45.0,1,1,164.8667,1,0,0,1,0,0,1.0,1,1,0,1
859,858,51.0,0,0,26.55,0,0,0,0,0,0,1.0,1,1,0,1
860,859,24.0,0,3,19.2583,1,1,0,1,0,0,1.0,1,0,0,1
861,860,25.711654061454983,0,0,7.2292,0,1,0,0,0,0,0.0,0,0,0,0
862,861,41.0,2,0,14.1083,0,0,0,0,0,0,0.0,0,0,0,0
863,862,21.0,1,0,11.5,0,0,0,0,0,0,0.0,0,0,1,0
864,863,48.0,0,0,25.9292,1,0,0,1,0,0,0.0,1,1,0,0
865,864,8.849875730344856,8,2,69.55,1,0,0,0,0,1,0.0,0,0,0,0
866,865,24.0,0,0,13.0,0,0,0,0,0,0,0.0,0,0,1,0
867,866,42.0,0,0,13.0,1,0,0,1,0,0,0.0,1,0,1,0
868,867,27.0,1,0,13.8583,1,1,0,0,0,1,0.0,1,0,1,0
869,868,31.0,0,0,50.4958,0,0,0,0,0,0,0.0,0,1,0,0
870,869,27.09123318724684,0,0,9.5,0,0,0,0,0,0,0.0,0,0,0,0
871,870,4.0,1,1,11.1333,0,0,0,0,1,0,0.4,1,0,0,1
872,871,26.0,0,0,7.8958,0,0,0,0,0,0,0.0,0,0,0,0
873,872,47.0,1,1,52.5542,1,0,0,1,0,0,1.0,1,1,0,1
874,873,33.0,0,0,5.0,0,0,0,0,0,0,0.0,0,1,0,0
875,874,47.0,0,0,9.0,0,0,0,0,0,0,0.0,0,0,0,0
876,875,28.0,1,0,24.0,1,1,0,1,0,0,0.0,1,0,1,0
877,876,15.0,0,0,7.225,1,1,0,0,0,1,0.0,1,0,0,0
878,877,20.0,0,0,9.8458,0,0,0,0,0,0,0.0,0,0,0,0
879,878,19.0,0,0,7.8958,0,0,0,0,0,0,0.0,0,0,0,0
880,879,27.099888796654987,0,0,7.8958,0,0,0,0,0,0,0.0,0,0,0,0
881,880,56.0,0,1,83.1583,1,1,0,1,0,0,0.0,1,1,0,0
882,881,25.0,0,1,26.0,1,0,0,1,0,0,0.0,1,0,1,0
883,882,33.0,0,0,7.8958,0,0,0,0,0,0,0.0,0,0,0,0
884,883,22.0,0,0,10.5167,1,0,0,0,0,1,0.0,0,0,0,0
885,884,28.0,0,0,10.5,0,0,0,0,0,0,0.0,0,0,1,0
886,885,25.0,0,0,7.05,0,0,0,0,0,0,0.0,0,0,0,0
887,886,39.0,0,5,29.125,1,0,1,1,0,0,0.0,0,0,0,0
888,887,27.0,0,0,13.0,0,0,0,0,0,0,0.0,0,0,1,0
889,888,19.0,0,0,30.0,1,0,0,0,0,1,0.5,1,1,0,1
890,889,8.994992672768184,1,2,23.45,1,0,0,0,0,1,0.0,0,0,0,0
891,890,26.0,0,0,30.0,0,1,0,0,0,0,0.0,1,1,0,0
892,891,32.0,0,0,7.75,0,0,1,0,0,0,0.0,0,0,0,0
